id,first_name,last_name,email,phone_number,is_verified
3941624,Eko,Handayani,putri18@hotmail.com,+62-22-136-7807,no
8368862,Bakiadi,Padmasari,bakijanwaskita@yahoo.com,+62-27-881-0740,no
4988849,Gilda,Situmorang,saragihvicky@hotmail.com,+62-147-773-6456,yes
1829534,Warji,Winarsih,pudjiastutiomar@yahoo.com,+62 (261) 625-0612,yes
3013105,Dewi,Tarihoran,ihsan31@hotmail.com,+62 (803) 710-3082,yes
6458201,Bancar,Ardianto,jabal05@yahoo.com,+62 (79) 797-0809,no
3649628,Daruna,Mansur,karenhassanah@yahoo.com,(0201) 598 1531,yes
7859697,Gilda,Prakasa,gunartorendy@gmail.com,+62 (26) 015-4162,no
2974623,Edison,Tamba,aryanimustofa@hotmail.com,+62 (133) 000 6170,no
8428720,Warta,Pertiwi,paramitasaputra@gmail.com,(052) 494-9601,no
2535156,Himawan,Halimah,marsitorajata@yahoo.com,+62 (192) 414-1221,no
2950254,Karsa,Rahayu,putrasamiah@hotmail.com,(0402) 238-8028,no
9491674,Lukman,Nashiruddin,pranowoelma@yahoo.com,+62 (015) 281 4113,no
5870435,Karma,Mahendra,prastutidarijan@yahoo.com,+62 (943) 905 3569,no
8503921,Galar,Nashiruddin,jailnababan@yahoo.com,(057) 072-2473,yes
9736347,Lurhur,Uyainah,wawan31@gmail.com,+62 (063) 003 6564,yes
8500106,Zelaya,Siregar,zwacana@gmail.com,+62 (0510) 829-3724,no
4966402,Vivi,Nainggolan,agustinaanggabaya@yahoo.com,+62 (0620) 633-7065,no
9857085,Julia,Tarihoran,xananakuswandari@hotmail.com,+62-844-435-2737,yes
4491669,Kayla,Suryatmi,usamahsalwa@yahoo.com,0853801267,yes
5591740,Hafshah,Pranowo,upurnawati@hotmail.com,+62 (42) 520 5982,no
9447755,Asirwanda,Prasasta,mulyonopranowo@yahoo.com,(091) 864-3050,yes
3518822,Vera,Yulianti,dhalim@yahoo.com,0890275963,yes
9216768,Zahra,Novitasari,haryantitira@hotmail.com,(0774) 383 9955,no
7639516,Titin,Uwais,znasyiah@gmail.com,(0397) 187 8633,yes
9553585,Luis,Padmasari,anitaandriani@gmail.com,+62-63-549-1472,no
1724513,Laswi,Simbolon,artawan26@yahoo.com,+62 (0272) 613-1619,yes
8110007,Gamblang,Siregar,dwijayanti@yahoo.com,+62 (03) 620 8202,no
5477525,Ibun,Kuswoyo,damanikliman@yahoo.com,(0405) 218 6986,yes
8538551,Kartika,Novitasari,farhunnisa92@gmail.com,082 916 0729,no
3981232,Harsanto,Budiyanto,hamima39@hotmail.com,(0100) 547-0022,no
3948074,Oman,Mahendra,fusada@hotmail.com,+62 (184) 309 6465,no
3360499,Zalindra,Prasasta,yuliartizulfa@hotmail.com,+62 (078) 685-5949,no
6609258,Raina,Narpati,cengkal38@hotmail.com,+62 (033) 450-7985,yes
7245120,Caket,Purnawati,salsabilanamaga@yahoo.com,+62 (764) 866 5499,no
7090501,Gangsa,Nasyidah,susantiuda@yahoo.com,0837263355,no
2893700,Baktiadi,Farida,kandariyanti@yahoo.com,(047) 310 0688,yes
5893605,Nova,Sitompul,ipratama@yahoo.com,+62 (108) 608 1842,yes
6384264,Pranata,Januar,prasetya36@hotmail.com,(0239) 252-5744,no
9520924,Cemeti,Namaga,lutama@gmail.com,085 083 3830,no
7775500,Drajat,Mardhiyah,rkurniawan@hotmail.com,+62 (757) 050-9163,yes
6279021,Vivi,Rajasa,baguskurniawan@yahoo.com,+62 (98) 826-7290,no
4661553,Jelita,Mahendra,juliasitorus@yahoo.com,082 370 4650,no
9563808,Bagus,Kuswoyo,baktiono44@hotmail.com,+62 (65) 279-9733,yes
5844908,Puti,Suryono,luthfipurnawati@yahoo.com,+62 (048) 504 9101,no
5634740,Langgeng,Pradana,raden18@yahoo.com,+62-0184-159-1137,no
1614940,Makuta,Palastri,setyahardiansyah@yahoo.com,0808902624,yes
5679429,Rahmat,Agustina,qnainggolan@hotmail.com,+62 (021) 240 7945,no
4412747,Padma,Dabukke,xwidiastuti@gmail.com,+62-332-683-5217,no
3512113,Dalima,Nasyidah,upalastri@yahoo.com,(0120) 122 9928,yes
1322451,Gawati,Wijaya,yuliartiian@hotmail.com,+62 (068) 319 0106,yes
7665602,Nilam,Suryono,pancafarida@yahoo.com,(0432) 745-3360,yes
9761667,Kamidin,Palastri,nasabnashiruddin@hotmail.com,+62 (073) 398-4710,no
3445110,Gawati,Sitompul,duwais@gmail.com,(060) 833-1046,no
2548328,Radika,Wahyudin,zizi22@hotmail.com,+62 (028) 285 1999,no
1599026,Wirda,Ardianto,firgantorokalim@gmail.com,084 431 9555,yes
4454969,Farhunnisa,Wijaya,sihotangmartana@hotmail.com,(045) 069 4575,no
6352968,Zizi,Mardhiyah,driyanti@hotmail.com,+62 (0838) 109-0493,yes
3789911,Rahmat,Oktaviani,gutami@yahoo.com,080 534 7419,no
4259673,Bancar,Permadi,kani11@gmail.com,+62 (300) 451-3955,no
5532916,Cecep,Hassanah,raharjanababan@hotmail.com,(073) 928 0684,no
9005684,Harja,Kusumo,ellafirmansyah@hotmail.com,+62 (98) 616 8561,no
4127618,Elon,Hardiansyah,thamrinhendri@gmail.com,+62 (039) 080-3792,no
3970060,Rahman,Lazuardi,ulvafirgantoro@hotmail.com,+62 (205) 315 2812,yes
6303458,Saadat,Simanjuntak,kalim16@gmail.com,085 961 4077,no
2363083,Slamet,Nashiruddin,harjayahalimah@yahoo.com,+62-47-459-8724,yes
3396072,Candrakanta,Latupono,darmaji61@hotmail.com,(013) 827-5415,yes
4096147,Dina,Laksmiwati,pertiwibakda@hotmail.com,+62 (59) 329 1969,no
6582954,Bakda,Tarihoran,saptonohamzah@hotmail.com,+62 (246) 817 5095,yes
7765205,Malik,Natsir,bakidin14@gmail.com,+62 (0132) 528-4272,no
6849868,Viktor,Oktaviani,dartono63@gmail.com,(011) 550 1766,yes
7950358,Najwa,Safitri,rinahariyah@yahoo.com,(0470) 052-3257,no
6722266,Janet,Widiastuti,corneliamaheswara@hotmail.com,+62 (838) 832-0567,no
4021615,Raden,Halim,ywulandari@yahoo.com,+62 (667) 387-3627,yes
4754158,Gangsa,Usamah,hariyaheluh@gmail.com,+62 (068) 772 8586,yes
8221067,Liman,Mustofa,oktasamosir@hotmail.com,(0151) 942 5706,yes
2254777,Luis,Manullang,naradi91@gmail.com,(0915) 543-0985,yes
6431584,Garang,Zulaika,betania31@hotmail.com,+62 (60) 475 9572,yes
9123040,Ihsan,Santoso,wadihariyah@gmail.com,+62 (079) 371 0175,no
5393792,Adiarja,Yuniar,balanggasiregar@gmail.com,+62 (94) 073-0593,yes
7973475,Jaiman,Wijayanti,uchita83@yahoo.com,+62-39-170-6207,yes
1897118,Salman,Sirait,yolandabagya@gmail.com,+62 (68) 817-0720,no
2830857,Bahuwirya,Nababan,jwasita@hotmail.com,(052) 109 1160,no
8596241,Jinawi,Sudiati,varyani@hotmail.com,(0299) 167 3445,no
9489049,Vinsen,Namaga,nagustina@yahoo.com,(0864) 481 8898,no
7992593,Genta,Adriansyah,cakrajiya48@hotmail.com,+62 (0249) 869-7731,no
7813811,Maida,Hidayanto,hidayatkamal@gmail.com,+62 (177) 852 9876,no
5749263,Himawan,Yuniar,zulfa15@gmail.com,+62 (16) 051-1684,no
2489351,Rama,Kurniawan,adiarjaardianto@hotmail.com,+62 (684) 715 7900,no
3032301,Nalar,Napitupulu,diah67@hotmail.com,+62 (58) 766 8326,yes
7704104,Ivan,Irawan,kuntharairawan@hotmail.com,+62 (50) 823-2016,no
3143487,Jagapati,Riyanti,digdayahalimah@yahoo.com,(0936) 902 8994,no
8544501,Kairav,Ardianto,luhung22@yahoo.com,+62-128-997-4029,yes
2205840,Gaduh,Pangestu,ihutasoit@gmail.com,+62 (709) 600-6496,no
2013909,Kania,Haryanti,jelitasitumorang@hotmail.com,+62 (62) 743 2245,no
6591587,Daliono,Lestari,bakianto48@yahoo.com,0818408994,yes
7998862,Kasim,Sihotang,tiarasuartini@hotmail.com,+62-654-404-8361,yes
9014358,Artawan,Pradipta,mandasarirespati@yahoo.com,+62-899-701-2203,no
4006936,Lurhur,Najmudin,jnashiruddin@gmail.com,+62-0455-453-7619,yes
9087305,Gandewa,Hutasoit,kusumonatalia@hotmail.com,+62 (29) 057-6023,no
